k_layer3_m_per_day,max_pumping_drawdown_m
5.0,1.6026915947103524
10.0,0.869345987282472
20.0,0.4563221049628903
